/* Permissions*/
insert into tPerm (code, name) values ("add_user",   "Add User");
insert into tPerm (code, name) values ("edit_user",  "Edit User");
insert into tPerm (code, name) values ("add_role",   "Add Role");
insert into tPerm (code, name) values ("edit_role",  "Edit Role");
insert into tPerm (code, name) values ("add_perm",   "Add Permission");
insert into tPerm (code, name) values ("edit_perm",  "Edit Permission");

insert into tPerm (code, name) values ("add_network",    "Add network");
insert into tPerm (code, name) values ("edit_network",   "Edit network");
insert into tPerm (code, name) values ("delete_network", "Delete network");
insert into tPerm (code, name) values ("share_network",  "Share network");
insert into tPerm (code, name) values ("edit_topology",  "Edit network topology");

insert into tPerm (code, name) values ("add_project",    "Add Project");
insert into tPerm (code, name) values ("edit_project",   "Edit Project");
insert into tPerm (code, name) values ("delete_project", "Delete Project");
insert into tPerm (code, name) values ("share_project",  "Share Project");


insert into tPerm (code, name) values ("edit_data", "Edit network data");
insert into tPerm (code, name) values ("view_data", "View network data");

insert into tPerm (code, name) values ("add_template", "Add Template");
insert into tPerm (code, name) values ("edit_template", "Edit Template");

/*insert into tPerm ("", "");*/

/*Roles*/
insert into tRole (code, name) values ("admin",    "Administrator");
insert into tRole (code, name) values ("dev",      "Developer");
insert into tRole (code, name) values ("modeller", "Modeller / Analyst");
insert into tRole (code, name) values ("manager",  "Manager");
insert into tRole (code, name) values ("grad",     "Graduate");
insert into tRole (code, name) values ("decision", "Decision Maker");

DELIMITER //
CREATE PROCEDURE add_perm_to_role(IN role VARCHAR(45), IN perm VARCHAR(45))
BEGIN
    DECLARE p, r INT default 0;
    select id into p from tPerm where code=perm;
    select id into r from tRole where code=role;
    insert into tRolePerm (perm_id, role_id) values (p, r);
END;
//

/*Admin user*/
call add_perm_to_role("admin", "add_user");
call add_perm_to_role("admin", "edit_user");
call add_perm_to_role("admin", "add_role");
call add_perm_to_role("admin", "edit_role");
call add_perm_to_role("admin", "add_perm");
call add_perm_to_role("admin", "edit_perm");
call add_perm_to_role("admin", "add_network");
call add_perm_to_role("admin", "edit_network");
call add_perm_to_role("admin", "delete_network");
call add_perm_to_role("admin", "share_network");
call add_perm_to_role("admin", "add_project");
call add_perm_to_role("admin", "edit_project");
call add_perm_to_role("admin", "delete_project");
call add_perm_to_role("admin", "share_project");
call add_perm_to_role("admin", "edit_topology");
call add_perm_to_role("admin", "edit_data");
call add_perm_to_role("admin", "view_data");
call add_perm_to_role("admin", "add_template");
call add_perm_to_role("admin", "edit_template");

/*Developer*/
call add_perm_to_role("dev", "add_network");
call add_perm_to_role("dev", "edit_network");
call add_perm_to_role("dev", "delete_network");
call add_perm_to_role("dev", "share_network");
call add_perm_to_role("dev", "add_project");
call add_perm_to_role("dev", "edit_project");
call add_perm_to_role("dev", "delete_project");
call add_perm_to_role("dev", "share_project");
call add_perm_to_role("dev", "edit_topology");
call add_perm_to_role("dev", "edit_data");
call add_perm_to_role("dev", "view_data");
call add_perm_to_role("dev", "add_template");
call add_perm_to_role("dev", "edit_template");

/*Modeller*/
call add_perm_to_role("modeller", "add_network");
call add_perm_to_role("modeller", "edit_network");
call add_perm_to_role("modeller", "delete_network");
call add_perm_to_role("modeller", "share_network");
call add_perm_to_role("modeller", "edit_topology");
call add_perm_to_role("modeller", "add_project");
call add_perm_to_role("modeller", "edit_project");
call add_perm_to_role("modeller", "delete_project");
call add_perm_to_role("modeller", "share_project");
call add_perm_to_role("modeller", "edit_data");
call add_perm_to_role("modeller", "view_data");

/*Manager*/
call add_perm_to_role("manager", "edit_data");
call add_perm_to_role("manager", "view_data");

/*Graduate*/

/*Decision Maker*/



/*
  Dimensions and units
*/
insert into tDimension(id, name, description) values (1, "Length", "Length");
insert into tUnit(id, dimension_id, name, abbreviation, lf, cf, description) values (1, 1, "angström", "Å", 1e-10, 0, "angström");
insert into tUnit(id, dimension_id, name, abbreviation, lf, cf, description) values (2, 1, "astronomical unit", "AU", 149598550000, 0, "astronomical unit");
insert into tUnit(id, dimension_id, name, abbreviation, lf, cf, description) values (3, 1, "centimetre", "cm", 0.01, 0, "centimetre");
insert into tUnit(id, dimension_id, name, abbreviation, lf, cf, description) values (4, 1, "decimetre", "dm", 0.1, 0, "decimetre");
insert into tUnit(id, dimension_id, name, abbreviation, lf, cf, description) values (5, 1, "femtometre", "fm", 1e-15, 0, "femtometre");
insert into tUnit(id, dimension_id, name, abbreviation, lf, cf, description) values (6, 1, "foot", "ft", 0.3048, 0, "foot");
insert into tUnit(id, dimension_id, name, abbreviation, lf, cf, description) values (7, 1, "hectometre", "hm", 100, 0, "hectometre");
insert into tUnit(id, dimension_id, name, abbreviation, lf, cf, description) values (8, 1, "inch", "in", 0.0254, 0, "inch");
insert into tUnit(id, dimension_id, name, abbreviation, lf, cf, description) values (9, 1, "kilometre", "km", 1000, 0, "kilometre");
insert into tUnit(id, dimension_id, name, abbreviation, lf, cf, description) values (10, 1, "light-year", "ly", 9460528405000000, 0, "light-year");
insert into tUnit(id, dimension_id, name, abbreviation, lf, cf, description) values (11, 1, "metre", "m", 1, 0, "metre");
insert into tUnit(id, dimension_id, name, abbreviation, lf, cf, description) values (12, 1, "micrometre", "µm", 1e-06, 0, "micrometre");
insert into tUnit(id, dimension_id, name, abbreviation, lf, cf, description) values (13, 1, "mile", "mi", 1609.344, 0, "mile");
insert into tUnit(id, dimension_id, name, abbreviation, lf, cf, description) values (14, 1, "mile(nautical)", "nmi", 1852, 0, "mile(nautical)");
insert into tUnit(id, dimension_id, name, abbreviation, lf, cf, description) values (15, 1, "millimetre", "mm", 0.001, 0, "millimetre");
insert into tUnit(id, dimension_id, name, abbreviation, lf, cf, description) values (16, 1, "nanometre", "nm", 1e-09, 0, "nanometre");
insert into tUnit(id, dimension_id, name, abbreviation, lf, cf, description) values (17, 1, "parsec", "pc", 30856776000000000, 0, "parsec");
insert into tUnit(id, dimension_id, name, abbreviation, lf, cf, description) values (18, 1, "picometre", "pm", 1e-12, 0, "picometre");
insert into tUnit(id, dimension_id, name, abbreviation, lf, cf, description) values (19, 1, "yard", "yd", 0.9144, 0, "yard");
insert into tDimension(id, name, description) values (2, "Area", "Area");
insert into tUnit(id, dimension_id, name, abbreviation, lf, cf, description) values (20, 2, "square metre", "m^2", 1, 0, "square metre");
insert into tUnit(id, dimension_id, name, abbreviation, lf, cf, description) values (21, 2, "square kilometre", "km^2", 1000000, 0, "square kilometre");
insert into tUnit(id, dimension_id, name, abbreviation, lf, cf, description) values (22, 2, "are", "a", 100, 0, "are");
insert into tUnit(id, dimension_id, name, abbreviation, lf, cf, description) values (23, 2, "acre", "ac", 4046.8564224, 0, "acre");
insert into tUnit(id, dimension_id, name, abbreviation, lf, cf, description) values (24, 2, "acre(US)", "ac (US)", 4046.87261, 0, "acre(US)");
insert into tUnit(id, dimension_id, name, abbreviation, lf, cf, description) values (25, 2, "hectare", "ha", 10000, 0, "hectare");
insert into tUnit(id, dimension_id, name, abbreviation, lf, cf, description) values (26, 2, "square yard", "yd^2", 0.83612736, 0, "square yard");
insert into tUnit(id, dimension_id, name, abbreviation, lf, cf, description) values (27, 2, "square foot", "ft^2", 0.09290304, 0, "square foot");
insert into tUnit(id, dimension_id, name, abbreviation, lf, cf, description) values (28, 2, "square inch", "in^2", 0.00064516, 0, "square inch");
insert into tUnit(id, dimension_id, name, abbreviation, lf, cf, description) values (29, 2, "square mile", "mi^2", 2589988.110336, 0, "square mile");
insert into tDimension(id, name, description) values (3, "Area Density", "Area Density");
insert into tUnit(id, dimension_id, name, abbreviation, lf, cf, description) values (30, 3, "kilograms per square metre", "kg m^-2", 1, 0, "kilograms per square metre");
insert into tUnit(id, dimension_id, name, abbreviation, lf, cf, description) values (31, 3, "tonnes per acre", "t ac^-1", 4.0469, 0.0, "tonnes per acre");
insert into tUnit(id, dimension_id, name, abbreviation, lf, cf, description) values (32, 3, "tonnes per hectare", "t ha^-1", 10.0, 0.0, "tonnes per hectare");
insert into tDimension(id, name, description) values (4, "Volume", "Volume");
insert into tUnit(id, dimension_id, name, abbreviation, lf, cf, description) values (33, 4, "barrel(oil)", "bbl", 0.158987295, 0, "barrel(oil)");
insert into tUnit(id, dimension_id, name, abbreviation, lf, cf, description) values (34, 4, "centilitre", "cl", 0.00001, 0, "centilitre");
insert into tUnit(id, dimension_id, name, abbreviation, lf, cf, description) values (35, 4, "cubic centimetre", "cm^3", 0.000001, 0, "cubic centimetre");
insert into tUnit(id, dimension_id, name, abbreviation, lf, cf, description) values (36, 4, "cubic decimetre", "dm^3", .001, 0, "cubic decimetre");
insert into tUnit(id, dimension_id, name, abbreviation, lf, cf, description) values (37, 4, "cubic hectometre", "hm^3", 1e6, 0, "cubic hectometre");
insert into tUnit(id, dimension_id, name, abbreviation, lf, cf, description) values (38, 4, "cubic foot", "ft^3", 0.028316846592, 0, "cubic foot");
insert into tUnit(id, dimension_id, name, abbreviation, lf, cf, description) values (39, 4, "cubic inch", "in^3", 0.000016387064, 0, "cubic inch");
insert into tUnit(id, dimension_id, name, abbreviation, lf, cf, description) values (40, 4, "cubic metre", "m^3", 1, 0, "cubic metre");
insert into tUnit(id, dimension_id, name, abbreviation, lf, cf, description) values (41, 4, "million cubic metre", "mcum", 1000000, 0, "million cubic metre");
insert into tUnit(id, dimension_id, name, abbreviation, lf, cf, description) values (42, 4, "cubic millimetre", "mm^3", 0.000000001, 0, "cubic millimetre");
insert into tUnit(id, dimension_id, name, abbreviation, lf, cf, description) values (43, 4, "cubic yard", "yd^3", 0.764554857984, 0, "cubic yard");
insert into tUnit(id, dimension_id, name, abbreviation, lf, cf, description) values (44, 4, "decilitre", "dl", 0.0001, 0, "decilitre");
insert into tUnit(id, dimension_id, name, abbreviation, lf, cf, description) values (45, 4, "fluid ounce(US)", "fl oz", 0.000029574, 0, "fluid ounce(US)");
insert into tUnit(id, dimension_id, name, abbreviation, lf, cf, description) values (46, 4, "gallon, liquid(US)", "gal", 0.003785411784, 0, "gallon, liquid(US)");
insert into tUnit(id, dimension_id, name, abbreviation, lf, cf, description) values (47, 4, "megalitre", "Ml", 1000, 0, "megalitre");
insert into tUnit(id, dimension_id, name, abbreviation, lf, cf, description) values (48, 4, "litre", "l", 0.001, 0, "litre");
insert into tUnit(id, dimension_id, name, abbreviation, lf, cf, description) values (49, 4, "decilitre", "dl", 0.0001, 0, "decilitre");
insert into tUnit(id, dimension_id, name, abbreviation, lf, cf, description) values (50, 4, "millilitre", "ml", 0.000001, 0, "millilitre");
insert into tUnit(id, dimension_id, name, abbreviation, lf, cf, description) values (51, 4, "pint, liquid(US)", "pt", 0.000473176475, 0, "pint, liquid(US)");
insert into tUnit(id, dimension_id, name, abbreviation, lf, cf, description) values (52, 4, "acre-foot", "ac-ft", 1.23348184, 0, "acre-foot");
insert into tUnit(id, dimension_id, name, abbreviation, lf, cf, description) values (53, 4, "acre-inch", "ac-in", 0.102790153, 0, "acre-inch");
insert into tDimension(id, name, description) values (5, "Angle", "Angle");
insert into tUnit(id, dimension_id, name, abbreviation, lf, cf, description) values (54, 5, "degree", "°", 1, 0, "degree");
insert into tUnit(id, dimension_id, name, abbreviation, lf, cf, description) values (55, 5, "grad or gon", "grd", 0.9, 0, "grad or gon");
insert into tUnit(id, dimension_id, name, abbreviation, lf, cf, description) values (56, 5, "radian", "rad", 57.29577951, 0, "radian");
insert into tUnit(id, dimension_id, name, abbreviation, lf, cf, description) values (57, 5, "minutes", "'", 0.0166666666, 0, "minutes");
insert into tUnit(id, dimension_id, name, abbreviation, lf, cf, description) values (58, 5, "seconds", "''", 2.7777777778e-4, 0, "seconds");
insert into tDimension(id, name, description) values (6, "Speed", "Speed");
insert into tUnit(id, dimension_id, name, abbreviation, lf, cf, description) values (59, 6, "metre/second", "m s^-1", 1, 0, "metre/second");
insert into tUnit(id, dimension_id, name, abbreviation, lf, cf, description) values (60, 6, "foot/hour", "fph", 8.4666666666e-5, 0, "foot/hour");
insert into tUnit(id, dimension_id, name, abbreviation, lf, cf, description) values (61, 6, "inch/minute", "ipm", 4.2333333333e-4, 0, "inch/minute");
insert into tUnit(id, dimension_id, name, abbreviation, lf, cf, description) values (62, 6, "foot/minute", "fpm", 0.00508, 0, "foot/minute");
insert into tUnit(id, dimension_id, name, abbreviation, lf, cf, description) values (63, 6, "inch/second", "ips", 0.0254, 0, "inch/second");
insert into tUnit(id, dimension_id, name, abbreviation, lf, cf, description) values (64, 6, "kilometre/hour", "km h^-1", 0.27777777777778, 0, "kilometre/hour");
insert into tUnit(id, dimension_id, name, abbreviation, lf, cf, description) values (65, 6, "foot/second", "fps", 0.3048, 0, "foot/second");
insert into tUnit(id, dimension_id, name, abbreviation, lf, cf, description) values (66, 6, "mile/hour", "mph", 0.44704, 0, "mile/hour");
insert into tUnit(id, dimension_id, name, abbreviation, lf, cf, description) values (67, 6, "millimetre/month", "mm mon^-1", 2592000000, 0, "millimetre/month");
insert into tUnit(id, dimension_id, name, abbreviation, lf, cf, description) values (68, 6, "knot", "kn", 0.514444, 0, "knot");
insert into tUnit(id, dimension_id, name, abbreviation, lf, cf, description) values (69, 6, "knot(admiralty)", "kn", 0.514773, 0, "knot(admiralty)");
insert into tUnit(id, dimension_id, name, abbreviation, lf, cf, description) values (70, 6, "mile/minute", "mpm", 26.8224, 0, "mile/minute");
insert into tUnit(id, dimension_id, name, abbreviation, lf, cf, description) values (71, 6, "mile/second", "mps", 1609.344, 0, "mile/second");
insert into tUnit(id, dimension_id, name, abbreviation, lf, cf, description) values (72, 6, "speed of light in vacuum", "c", 2.99792458e+8, 0, "speed of light in vacuum");
insert into tDimension(id, name, description) values (7, "Time", "Time");
insert into tUnit(id, dimension_id, name, abbreviation, lf, cf, description) values (73, 7, "day", "day", 86400, 0, "day");
insert into tUnit(id, dimension_id, name, abbreviation, lf, cf, description) values (74, 7, "hour", "h", 3600, 0, "hour");
insert into tUnit(id, dimension_id, name, abbreviation, lf, cf, description) values (75, 7, "minute", "min", 60, 0, "minute");
insert into tUnit(id, dimension_id, name, abbreviation, lf, cf, description) values (76, 7, "month", "mon", 2629743.8328, 0, "month");
insert into tUnit(id, dimension_id, name, abbreviation, lf, cf, description) values (77, 7, "second", "s", 1, 0, "second");
insert into tUnit(id, dimension_id, name, abbreviation, lf, cf, description) values (78, 7, "millisecond", "ms", 0.001, 0, "millisecond");
insert into tUnit(id, dimension_id, name, abbreviation, lf, cf, description) values (79, 7, "microsecond", "µs", 0.000001, 0, "microsecond");
insert into tUnit(id, dimension_id, name, abbreviation, lf, cf, description) values (80, 7, "nanosecond", "ns", 0.000000001, 0, "nanosecond");
insert into tUnit(id, dimension_id, name, abbreviation, lf, cf, description) values (81, 7, "picosecond", "ps", 0.000000000001, 0, "picosecond");
insert into tUnit(id, dimension_id, name, abbreviation, lf, cf, description) values (82, 7, "year", "yr", 3.15569259936e7, 0, "year");
insert into tDimension(id, name, description) values (8, "Energy", "Energy");
insert into tUnit(id, dimension_id, name, abbreviation, lf, cf, description) values (83, 8, "BTU(IT)", "BTU", 1055.056, 0, "BTU(IT)");
insert into tUnit(id, dimension_id, name, abbreviation, lf, cf, description) values (84, 8, "calorie(IT)", "cal", 4.1868, 0, "calorie(IT)");
insert into tUnit(id, dimension_id, name, abbreviation, lf, cf, description) values (85, 8, "electronvolt", "eV", 1.60217733e-19, 0, "electronvolt");
insert into tUnit(id, dimension_id, name, abbreviation, lf, cf, description) values (86, 8, "erg", "erg", 1e-07, 0, "erg");
insert into tUnit(id, dimension_id, name, abbreviation, lf, cf, description) values (87, 8, "gigajoule", "GJ", 1e+9, 0, "gigajoule");
insert into tUnit(id, dimension_id, name, abbreviation, lf, cf, description) values (88, 8, "horsepower-hours", "hph", 2684520, 0, "horsepower-hours");
insert into tUnit(id, dimension_id, name, abbreviation, lf, cf, description) values (89, 8, "joule", "J", 1, 0, "joule");
insert into tUnit(id, dimension_id, name, abbreviation, lf, cf, description) values (90, 8, "kilojoule", "kJ", 1000, 0, "kilojoule");
insert into tUnit(id, dimension_id, name, abbreviation, lf, cf, description) values (91, 8, "kilocalorie", "kcal", 4184.0, 0, "kilocalorie");
insert into tUnit(id, dimension_id, name, abbreviation, lf, cf, description) values (92, 8, "watt-hour", "Wh", 3600, 0, "watt-hour");
insert into tUnit(id, dimension_id, name, abbreviation, lf, cf, description) values (93, 8, "kilowatt-hour", "kWh", 3600000, 0, "kilowatt-hour");
insert into tUnit(id, dimension_id, name, abbreviation, lf, cf, description) values (94, 8, "Megawatt-hour", "MWh", 3600000000, 0, "Megawatt-hour");
insert into tUnit(id, dimension_id, name, abbreviation, lf, cf, description) values (95, 8, "Gigawatt-hour", "GWh", 3600000000000, 0, "Gigawatt-hour");
insert into tUnit(id, dimension_id, name, abbreviation, lf, cf, description) values (96, 8, "megajoule", "MJ", 1e+6, 0, "megajoule");
insert into tDimension(id, name, description) values (9, "Force", "Force");
insert into tUnit(id, dimension_id, name, abbreviation, lf, cf, description) values (97, 9, "dyne", "dyn", 0.00001, 0, "dyne");
insert into tUnit(id, dimension_id, name, abbreviation, lf, cf, description) values (98, 9, "gram-force", "gf", 0.00980665, 0, "gram-force");
insert into tUnit(id, dimension_id, name, abbreviation, lf, cf, description) values (99, 9, "joule/metre", "J m^-1", 1, 0, "joule/metre");
insert into tUnit(id, dimension_id, name, abbreviation, lf, cf, description) values (100, 9, "kg·m/s^2", "kg m s^-2", 1, 0, "kg·m/s^2");
insert into tUnit(id, dimension_id, name, abbreviation, lf, cf, description) values (101, 9, "kilogram-force", "kgf", 9.80665, 0, "kilogram-force");
insert into tUnit(id, dimension_id, name, abbreviation, lf, cf, description) values (102, 9, "kilopond", "kp", 9.80665, 0, "kilopond");
insert into tUnit(id, dimension_id, name, abbreviation, lf, cf, description) values (103, 9, "kilopound-force", "kipf", 4448.2216152548, 0, "kilopound-force");
insert into tUnit(id, dimension_id, name, abbreviation, lf, cf, description) values (104, 9, "lb·ft/s^2", "lb ft s^-2", 0.138254954376, 0, "lb·ft/s^2");
insert into tUnit(id, dimension_id, name, abbreviation, lf, cf, description) values (105, 9, "newton", "N", 1, 0, "newton");
insert into tUnit(id, dimension_id, name, abbreviation, lf, cf, description) values (106, 9, "ounce-force", "ozf", 0.27801385095342, 0, "ounce-force");
insert into tUnit(id, dimension_id, name, abbreviation, lf, cf, description) values (107, 9, "pond", "p", 0.00980665, 0, "pond");
insert into tUnit(id, dimension_id, name, abbreviation, lf, cf, description) values (108, 9, "pound-force", "lbf", 4.448222, 0, "pound-force");
insert into tUnit(id, dimension_id, name, abbreviation, lf, cf, description) values (109, 9, "poundal", "pdl", 0.138254954376, 0, "poundal");
insert into tUnit(id, dimension_id, name, abbreviation, lf, cf, description) values (110, 9, "tonne-force(metric)", "tf", 9806.65, 0, "tonne-force(metric)");
insert into tDimension(id, name, description) values (10, "Mass", "Mass");
insert into tUnit(id, dimension_id, name, abbreviation, lf, cf, description) values (111, 10, "carat", "carat", 0.0002, 0, "carat");
insert into tUnit(id, dimension_id, name, abbreviation, lf, cf, description) values (112, 10, "gram", "g", 0.001, 0, "gram");
insert into tUnit(id, dimension_id, name, abbreviation, lf, cf, description) values (113, 10, "kilogram", "kg", 1, 0, "kilogram");
insert into tUnit(id, dimension_id, name, abbreviation, lf, cf, description) values (114, 10, "microgram", "µg", 1e-09, 0, "microgram");
insert into tUnit(id, dimension_id, name, abbreviation, lf, cf, description) values (115, 10, "milligram", "mg", 1e-06, 0, "milligram");
insert into tUnit(id, dimension_id, name, abbreviation, lf, cf, description) values (116, 10, "ounce", "oz", 0.02835, 0, "ounce");
insert into tUnit(id, dimension_id, name, abbreviation, lf, cf, description) values (117, 10, "pound", "lbm", 0.45359237, 0, "pound");
insert into tUnit(id, dimension_id, name, abbreviation, lf, cf, description) values (118, 10, "tonne", "t", 1000, 0, "tonne");
insert into tDimension(id, name, description) values (11, "Power", "Power");
insert into tUnit(id, dimension_id, name, abbreviation, lf, cf, description) values (119, 11, "BTU/hour", "BTU h^-1", 0.29301067, 0, "BTU/hour");
insert into tUnit(id, dimension_id, name, abbreviation, lf, cf, description) values (120, 11, "BTU/minutes", "BTU min^-1", 17.56863, 0, "BTU/minutes");
insert into tUnit(id, dimension_id, name, abbreviation, lf, cf, description) values (121, 11, "BTU/seconds", "BTU s^-1", 1055.056, 0, "BTU/seconds");
insert into tUnit(id, dimension_id, name, abbreviation, lf, cf, description) values (122, 11, "calorie/seconds", "cal s^-1", 4.183076, 0, "calorie/seconds");
insert into tUnit(id, dimension_id, name, abbreviation, lf, cf, description) values (123, 11, "gigawatt", "GW", 1e+09, 0, "gigawatt");
insert into tUnit(id, dimension_id, name, abbreviation, lf, cf, description) values (124, 11, "horsepower", "hp", 745.69987158227022, 0, "horsepower");
insert into tUnit(id, dimension_id, name, abbreviation, lf, cf, description) values (125, 11, "watt", "W", 1, 0, "watt");
insert into tUnit(id, dimension_id, name, abbreviation, lf, cf, description) values (126, 11, "kilowatt", "kW", 1000, 0, "kilowatt");
insert into tUnit(id, dimension_id, name, abbreviation, lf, cf, description) values (127, 11, "megawatt", "MW", 1e+06, 0, "megawatt");
insert into tUnit(id, dimension_id, name, abbreviation, lf, cf, description) values (128, 11, "gigawatt", "GW", 1e+09, 0, "gigawatt");
insert into tUnit(id, dimension_id, name, abbreviation, lf, cf, description) values (129, 11, "volt-ampere", "VA", 1, 0, "volt-ampere");
insert into tDimension(id, name, description) values (12, "Pressure", "Pressure");
insert into tUnit(id, dimension_id, name, abbreviation, lf, cf, description) values (130, 12, "atmosphere", "atm", 101325, 0, "atmosphere");
insert into tUnit(id, dimension_id, name, abbreviation, lf, cf, description) values (131, 12, "pascal", "Pa", 1, 0, "pascal");
insert into tUnit(id, dimension_id, name, abbreviation, lf, cf, description) values (132, 12, "bar", "bar", 100000, 0, "bar");
insert into tUnit(id, dimension_id, name, abbreviation, lf, cf, description) values (133, 12, "hectopascal", "hPa", 100, 0, "hectopascal");
insert into tUnit(id, dimension_id, name, abbreviation, lf, cf, description) values (134, 12, "iches of water", "inH2O", 249.08891, 0, "iches of water");
insert into tUnit(id, dimension_id, name, abbreviation, lf, cf, description) values (135, 12, "inches of mercury", "inHg", 3386.388, 0, "inches of mercury");
insert into tUnit(id, dimension_id, name, abbreviation, lf, cf, description) values (136, 12, "kilopascal", "kPa", 1000, 0, "kilopascal");
insert into tUnit(id, dimension_id, name, abbreviation, lf, cf, description) values (137, 12, "metre of water", "mH2O", 9806.65, 0, "metre of water");
insert into tUnit(id, dimension_id, name, abbreviation, lf, cf, description) values (138, 12, "microbar", "µbar", 0.1, 0, "microbar");
insert into tUnit(id, dimension_id, name, abbreviation, lf, cf, description) values (139, 12, "milibar", "mbar", 100, 0, "milibar");
insert into tUnit(id, dimension_id, name, abbreviation, lf, cf, description) values (140, 12, "millimetre of mercury", "mmHg", 133.322, 0, "millimetre of mercury");
insert into tUnit(id, dimension_id, name, abbreviation, lf, cf, description) values (141, 12, "millimetre of water", "mmH2O", 9.80665, 0, "millimetre of water");
insert into tUnit(id, dimension_id, name, abbreviation, lf, cf, description) values (142, 12, "lbf/in^2", "psi", 6894.76, 0, "lbf/in^2");
insert into tUnit(id, dimension_id, name, abbreviation, lf, cf, description) values (143, 12, "technical atmosphere", "at", 98066.5, 0, "technical atmosphere");
insert into tUnit(id, dimension_id, name, abbreviation, lf, cf, description) values (144, 12, "torr", "torr", 133.322, 0, "torr");
insert into tDimension(id, name, description) values (13, "Temperature", "Temperature");
insert into tUnit(id, dimension_id, name, abbreviation, lf, cf, description) values (145, 13, "Celsius", "°C", 1, 273.15, "Celsius");
insert into tUnit(id, dimension_id, name, abbreviation, lf, cf, description) values (146, 13, "Delisle", "°De", -0.66666666666666666666666666666667, 373.15, "Delisle");
insert into tUnit(id, dimension_id, name, abbreviation, lf, cf, description) values (147, 13, "Electronvolt", "eV", 11605, 0, "Electronvolt");
insert into tUnit(id, dimension_id, name, abbreviation, lf, cf, description) values (148, 13, "Fahrenheit", "°F", 0.55555555555555555555555555555556, 255.37222222222222222222222222222, "Fahrenheit");
insert into tUnit(id, dimension_id, name, abbreviation, lf, cf, description) values (149, 13, "Kelvin", "K", 1, 0, "Kelvin");
insert into tUnit(id, dimension_id, name, abbreviation, lf, cf, description) values (150, 13, "Rankine", "°Ra", 0.55555555555555555555555555555556, 0, "Rankine");
insert into tUnit(id, dimension_id, name, abbreviation, lf, cf, description) values (151, 13, "Réaumur", "°Ré", 1.25, 273.15, "Réaumur");
insert into tUnit(id, dimension_id, name, abbreviation, lf, cf, description) values (152, 13, "Rømer", "°Rø", 1.9047619047619047619047619047619, 258.86428571428571428571428571429, "Rømer");
insert into tDimension(id, name, description) values (14, "Volumetric flow rate", "Volumetric flow rate");
insert into tUnit(id, dimension_id, name, abbreviation, lf, cf, description) values (153, 14, "cubic metres per second", "m^3 s^-1", 1, 0, "cubic metres per second");
insert into tUnit(id, dimension_id, name, abbreviation, lf, cf, description) values (154, 14, "cubic metres per minute", "m^3 min^-1", 0.0166666667, 0, "cubic metres per minute");
insert into tUnit(id, dimension_id, name, abbreviation, lf, cf, description) values (155, 14, "cubic metres per hour", "m^3 h^-1", 0.000277777778, 0, "cubic metres per hour");
insert into tUnit(id, dimension_id, name, abbreviation, lf, cf, description) values (156, 14, "cubic metres per day", "m^3 day^-1", 1.15740741e-05, 0, "cubic metres per day");
insert into tUnit(id, dimension_id, name, abbreviation, lf, cf, description) values (157, 14, "cubic metres per month", "m^3 mon^-1", 3.80265176e-7, 0, "cubic metres per month");
insert into tUnit(id, dimension_id, name, abbreviation, lf, cf, description) values (158, 14, "cubic hectometres per second", "hm^3 s^-1", 1e6, 0, "cubic hectometres per second");
insert into tUnit(id, dimension_id, name, abbreviation, lf, cf, description) values (159, 14, "cubic hectometres per minute", "hm^3 min^-1", 16666.6667, 0, "cubic hectometres per minute");
insert into tUnit(id, dimension_id, name, abbreviation, lf, cf, description) values (160, 14, "cubic hectometres per hour", "hm^3 h^-1", 277.777778, 0, "cubic hectometres per hour");
insert into tUnit(id, dimension_id, name, abbreviation, lf, cf, description) values (161, 14, "cubic hectometres per day", "hm^3 day^-1", 11.5740741, 0, "cubic hectometres per day");
insert into tUnit(id, dimension_id, name, abbreviation, lf, cf, description) values (162, 14, "cubic hectometres per month", "hm^3 mon^-1", 0.380265176, 0, "cubic hectometres per month");
insert into tUnit(id, dimension_id, name, abbreviation, lf, cf, description) values (163, 14, "cubic foot per second", "ft^3 s^-1", 0.0283168466, 0, "cubic foot per second");
insert into tUnit(id, dimension_id, name, abbreviation, lf, cf, description) values (164, 14, "cubic foot per minute", "ft^3 min^-1", 0.000471947443, 0, "cubic foot per minute");
insert into tUnit(id, dimension_id, name, abbreviation, lf, cf, description) values (165, 14, "cubic foot per hour", "ft^3 h^-1", 7.86579072e-06, 0, "cubic foot per hour");
insert into tUnit(id, dimension_id, name, abbreviation, lf, cf, description) values (166, 14, "cubic foot per day", "ft^3 day^-1", 3.2774128e-07, 0, "cubic foot per day");
insert into tUnit(id, dimension_id, name, abbreviation, lf, cf, description) values (167, 14, "cubic foot per month", "ft^3 mon^-1", 1.07679106e-08, 0, "cubic foot per month");
insert into tUnit(id, dimension_id, name, abbreviation, lf, cf, description) values (168, 14, "gallons per second", "gal s^-1", 0.00378541178, 0, "gallons per second");
insert into tUnit(id, dimension_id, name, abbreviation, lf, cf, description) values (169, 14, "gallons per minute", "gal min^-1", 6.30901964e-05, 0, "gallons per minute");
insert into tUnit(id, dimension_id, name, abbreviation, lf, cf, description) values (170, 14, "gallons per hour", "gal h^-1", 1.05150327e-06, 0, "gallons per hour");
insert into tUnit(id, dimension_id, name, abbreviation, lf, cf, description) values (171, 14, "gallons per day", "gal day^-1", 4.38126364e-08, 0, "gallons per day");
insert into tUnit(id, dimension_id, name, abbreviation, lf, cf, description) values (172, 14, "gallons per month", "gal mon^-1", 1.43946028e-09, 0, "gallons per month");
insert into tUnit(id, dimension_id, name, abbreviation, lf, cf, description) values (173, 14, "acre-foot per second", "ac-ft s^-1", 1233.48184, 0, "acre-foot per second");
insert into tUnit(id, dimension_id, name, abbreviation, lf, cf, description) values (174, 14, "acre-foot per minute", "ac-ft min^-1", 20.5580306, 0, "acre-foot per minute");
insert into tUnit(id, dimension_id, name, abbreviation, lf, cf, description) values (175, 14, "acre-foot per hour", "ac-ft h^-1", 0.342633844, 0, "acre-foot per hour");
insert into tUnit(id, dimension_id, name, abbreviation, lf, cf, description) values (176, 14, "acre-foot per day", "ac-ft day^-1", 0.0142764102, 0, "acre-foot per day");
insert into tUnit(id, dimension_id, name, abbreviation, lf, cf, description) values (177, 14, "acre-foot per month", "ac-ft mon^-1", 0.000469050188, 0, "acre-foot per month");
insert into tUnit(id, dimension_id, name, abbreviation, lf, cf, description) values (178, 14, "acre-inch per second", "ac-in s^-1", 102.790153, 0, "acre-inch per second");
insert into tUnit(id, dimension_id, name, abbreviation, lf, cf, description) values (179, 14, "acre-inch per minute", "ac-in min^-1", 1.71316922, 0, "acre-inch per minute");
insert into tUnit(id, dimension_id, name, abbreviation, lf, cf, description) values (180, 14, "acre-inch per hour", "ac-in h^-1", 0.0285528203, 0, "acre-inch per hour");
insert into tUnit(id, dimension_id, name, abbreviation, lf, cf, description) values (181, 14, "acre-inch per day", "ac-in day^-1", 0.00118970085, 0, "acre-inch per day");
insert into tUnit(id, dimension_id, name, abbreviation, lf, cf, description) values (182, 14, "acre-inch per month", "ac-in mon^-1", 3.90875157e-05, 0, "acre-inch per month");
insert into tUnit(id, dimension_id, name, abbreviation, lf, cf, description) values (183, 14, "litre per second", "l s^-1", 0.001, 0, "litre per second");
insert into tUnit(id, dimension_id, name, abbreviation, lf, cf, description) values (184, 14, "litre per minute", "l min^-1", 1.66666667e-05, 0, "litre per minute");
insert into tUnit(id, dimension_id, name, abbreviation, lf, cf, description) values (185, 14, "litre per hour", "l h^-1", 2.77777778e-07, 0, "litre per hour");
insert into tUnit(id, dimension_id, name, abbreviation, lf, cf, description) values (186, 14, "litre per day", "l day^-1", 1.15740741e-08, 0, "litre per day");
insert into tUnit(id, dimension_id, name, abbreviation, lf, cf, description) values (187, 14, "litre per month", "l mon^-1", 3.80265176e-10, 0, "litre per month");
insert into tUnit(id, dimension_id, name, abbreviation, lf, cf, description) values (188, 14, "megalitre per second", "Ml s^-1", 1000, 0, "megalitre per second");
insert into tUnit(id, dimension_id, name, abbreviation, lf, cf, description) values (189, 14, "megalitre per minute", "Ml min^-1", 1.66666667, 0, "megalitre per minute");
insert into tUnit(id, dimension_id, name, abbreviation, lf, cf, description) values (190, 14, "megalitre per hour", "Ml h^-1", 2.77777778e-01, 0, "megalitre per hour");
insert into tUnit(id, dimension_id, name, abbreviation, lf, cf, description) values (191, 14, "megalitre per day", "Ml day^-1", 1.15740741e-02, 0, "megalitre per day");
insert into tUnit(id, dimension_id, name, abbreviation, lf, cf, description) values (192, 14, "megalitre per month", "Ml mon^-1", 3.80265176e-04, 0, "megalitre per month");
insert into tUnit(id, dimension_id, name, abbreviation, lf, cf, description) values (193, 14, "barrel(oil) per day", "bbl day^-1", 0.158987295, 0, "barrel(oil) per day");
insert into tDimension(id, name, description) values (15, "Mass flow rate", "Mass flow rate");
insert into tUnit(id, dimension_id, name, abbreviation, lf, cf, description) values (194, 15, "kilograms per second", "kg s^-1", 1.0, 0.0, "kilograms per second");
insert into tUnit(id, dimension_id, name, abbreviation, lf, cf, description) values (195, 15, "kilograms per minute", "kg min^-1", 0.0166666667, 0.0, "kilograms per minute");
insert into tUnit(id, dimension_id, name, abbreviation, lf, cf, description) values (196, 15, "kilograms per hour", "kg h^-1", 0.000277777778, 0.0, "kilograms per hour");
insert into tUnit(id, dimension_id, name, abbreviation, lf, cf, description) values (197, 15, "kilograms per day", "kg day^-1", 1.15740741e-05, 0.0, "kilograms per day");
insert into tUnit(id, dimension_id, name, abbreviation, lf, cf, description) values (198, 15, "kilograms per month", "kg mon^-1", 3.80265176e-07, 0.0, "kilograms per month");
insert into tUnit(id, dimension_id, name, abbreviation, lf, cf, description) values (199, 15, "kilograms per year", "kg yr^-1", 3.16887646e-08, 0.0, "kilograms per year");
insert into tUnit(id, dimension_id, name, abbreviation, lf, cf, description) values (200, 15, "grams per second", "g s^-1", 0.001, 0.0, "grams per second");
insert into tUnit(id, dimension_id, name, abbreviation, lf, cf, description) values (201, 15, "tonnes per second", "t s^-1", 1000.0, 0.0, "tonnes per second");
insert into tUnit(id, dimension_id, name, abbreviation, lf, cf, description) values (202, 15, "tonnes per minute", "t min^-1", 16.66666666667, 0.0, "tonnes per minute");
insert into tUnit(id, dimension_id, name, abbreviation, lf, cf, description) values (203, 15, "tonnes per hour", "t h^-1", 0.277777777778, 0.0, "tonnes per hour");
insert into tUnit(id, dimension_id, name, abbreviation, lf, cf, description) values (204, 15, "tonnes per day", "t day^-1", 1.15740741e-02, 0.0, "tonnes per day");
insert into tUnit(id, dimension_id, name, abbreviation, lf, cf, description) values (205, 15, "tonnes per month", "t mon^-1", 3.80265176e-04, 0.0, "tonnes per month");
insert into tUnit(id, dimension_id, name, abbreviation, lf, cf, description) values (206, 15, "tonnes per year", "t yr^-1", 3.16887646e-05, 0.0, "tonnes per year");
insert into tDimension(id, name, description) values (16, "Density", "Density");
insert into tUnit(id, dimension_id, name, abbreviation, lf, cf, description) values (207, 16, "kilograms per cubic-metre", "kg m^-3", 1.0, 0.0, "kilograms per cubic-metre");
insert into tUnit(id, dimension_id, name, abbreviation, lf, cf, description) values (208, 16, "kilograms per megalitre", "kg Ml^-1", 0.0001, 0.0, "kilograms per megalitre");
insert into tUnit(id, dimension_id, name, abbreviation, lf, cf, description) values (209, 16, "parts per billion", "ppb", 0.000001, 0.0, "parts per billion");
insert into tDimension(id, name, description) values (17, "Monetary value", "Monetary value");
insert into tUnit(id, dimension_id, name, abbreviation, lf, cf, description) values (210, 17, "US Dollar", "USD", 1.0, 0, "US Dollar");
insert into tUnit(id, dimension_id, name, abbreviation, lf, cf, description) values (211, 17, "Pound Sterling", "GBP", 0.66, 0, "Pound Sterling");
insert into tDimension(id, name, description) values (18, "Energy price", "Energy price");
insert into tUnit(id, dimension_id, name, abbreviation, lf, cf, description) values (212, 18, "USDollars per kilowatt-hour", "USD kWh^-1", 2.77777777e-07, 0, "USDollars per kilowatt-hour");
insert into tUnit(id, dimension_id, name, abbreviation, lf, cf, description) values (213, 18, "USDollars per kilojoule", "USD kJ^-1", 0.001, 0, "USDollars per kilojoule");
insert into tUnit(id, dimension_id, name, abbreviation, lf, cf, description) values (214, 18, "USDollars per joule", "USD J^-1", 1, 0, "USDollars per joule");
insert into tUnit(id, dimension_id, name, abbreviation, lf, cf, description) values (215, 18, "Pound Sterling per kilowatt-hour", "GBP kWh^-1", 1.8333333282e-07, 0, "Pound Sterling per kilowatt-hour");
insert into tUnit(id, dimension_id, name, abbreviation, lf, cf, description) values (216, 18, "Pound Sterling per kilojoule", "GBP kJ^-1", 0.0066, 0, "Pound Sterling per kilojoule");
insert into tUnit(id, dimension_id, name, abbreviation, lf, cf, description) values (217, 18, "Pound Sterling per joule", "GBP J^-1", 0.66, 0, "Pound Sterling per joule");
insert into tDimension(id, name, description) values (19, "Unit price (volume)", "Unit price (volume)");
insert into tUnit(id, dimension_id, name, abbreviation, lf, cf, description) values (218, 19, "US Dollar per cubic metre", "USD m^-3", 1.0, 0.0, "US Dollar per cubic metre");
insert into tUnit(id, dimension_id, name, abbreviation, lf, cf, description) values (219, 19, "US Dollar per million cubic metre", "USD Mm^-3", 0.0000001, 0.66, "US Dollar per million cubic metre");
insert into tUnit(id, dimension_id, name, abbreviation, lf, cf, description) values (220, 19, "US Dollar per megalitre", "USD Ml^-1", 0.0001, 0.0, "US Dollar per megalitre");
insert into tUnit(id, dimension_id, name, abbreviation, lf, cf, description) values (221, 19, "US Dollar per acre-foot", "USD ac-ft^-1", 0.000810713194, 0.0, "US Dollar per acre-foot");
insert into tUnit(id, dimension_id, name, abbreviation, lf, cf, description) values (222, 19, "Pound Sterling per cubic metre", "GBP m^-3", 0, 0.66, "Pound Sterling per cubic metre");
insert into tUnit(id, dimension_id, name, abbreviation, lf, cf, description) values (223, 19, "Pound Sterling per million cubic metre", "GBP Mm^-3", 0.00000066, 0.66, "Pound Sterling per million cubic metre");
insert into tUnit(id, dimension_id, name, abbreviation, lf, cf, description) values (224, 19, "Pound Sterling per megalitre", "GBP Ml^-1", 0, 0.000066, "Pound Sterling per megalitre");
insert into tDimension(id, name, description) values (20, "Unit price (mass)", "Unit price (mass)");
insert into tUnit(id, dimension_id, name, abbreviation, lf, cf, description) values (225, 20, "US Dollar per kilogram", "USD kg^-1", 1.0, 0.0, "US Dollar per kilogram");
insert into tUnit(id, dimension_id, name, abbreviation, lf, cf, description) values (226, 20, "Pounds Sterling per kilogram", "GBP kg^-1", 0.66, 0.66, "Pounds Sterling per kilogram");
insert into tUnit(id, dimension_id, name, abbreviation, lf, cf, description) values (227, 20, "US Dollar per tonne", "USD t^-1", 0.001, 0.0, "US Dollar per tonne");
insert into tUnit(id, dimension_id, name, abbreviation, lf, cf, description) values (228, 20, "Pounds Sterling per tonne", "GBP t^-1", 0.00066, 0.66, "Pounds Sterling per tonne");
insert into tDimension(id, name, description) values (21, "Unit price (Area)", "Unit price (Area)");
insert into tUnit(id, dimension_id, name, abbreviation, lf, cf, description) values (229, 21, "US Dollar per metre squared", "USD m^-2", 1.0, 0.0, "US Dollar per metre squared");
insert into tUnit(id, dimension_id, name, abbreviation, lf, cf, description) values (230, 21, "US Dollar per acre", "USD ac^-1", 0.0002, 0.0, "US Dollar per acre");
insert into tUnit(id, dimension_id, name, abbreviation, lf, cf, description) values (231, 21, "US Dollar per hectare", "USD ha^-1", 0.0001, 0.0, "US Dollar per hectare");
insert into tDimension(id, name, description) values (22, "Specific cost (time)", "Specific cost (time)");
insert into tUnit(id, dimension_id, name, abbreviation, lf, cf, description) values (232, 22, "US Dollar per second", "USD s^-1", 1.0, 0.0, "US Dollar per second");
insert into tUnit(id, dimension_id, name, abbreviation, lf, cf, description) values (233, 22, "US Dollar per minute", "USD min^-1", 0.0166666667, 0.0, "US Dollar per minute");
insert into tUnit(id, dimension_id, name, abbreviation, lf, cf, description) values (234, 22, "US Dollar per hour", "USD h^-1", 0.000277777778, 0.0, "US Dollar per hour");
insert into tUnit(id, dimension_id, name, abbreviation, lf, cf, description) values (235, 22, "US Dollar per day", "USD day^-1", 1.15740741e-05, 0.0, "US Dollar per day");
insert into tUnit(id, dimension_id, name, abbreviation, lf, cf, description) values (236, 22, "US Dollar per month", "USD mon^-1", 3.80265176e-07, 0.0, "US Dollar per month");
insert into tUnit(id, dimension_id, name, abbreviation, lf, cf, description) values (237, 22, "US Dollar per year", "USD yr^-1", 3.16887646e-08, 0.0, "US Dollar per year");
insert into tUnit(id, dimension_id, name, abbreviation, lf, cf, description) values (238, 22, "Pound Sterling per second", "GBP s^-1", 0.66, 0.0, "Pound Sterling per second");
insert into tUnit(id, dimension_id, name, abbreviation, lf, cf, description) values (239, 22, "Pound Sterling per minute", "GBP min^-1", 0.011, 0.0, "Pound Sterling per minute");
insert into tUnit(id, dimension_id, name, abbreviation, lf, cf, description) values (240, 22, "Pound Sterling per hour", "GBP h^-1", 1.83333e-04, 0.0, "Pound Sterling per hour");
insert into tUnit(id, dimension_id, name, abbreviation, lf, cf, description) values (241, 22, "Pound Sterling per day", "GBP day^-1", 7.639e-06, 0.0, "Pound Sterling per day");
insert into tUnit(id, dimension_id, name, abbreviation, lf, cf, description) values (242, 22, "Pound Sterling per month", "GBP mon^-1", 2.50975e-07, 0.0, "Pound Sterling per month");
insert into tUnit(id, dimension_id, name, abbreviation, lf, cf, description) values (243, 22, "Pound Sterling per year", "GBP yr^-1", 2.091458464e-08, 0.0, "Pound Sterling per year");
insert into tDimension(id, name, description) values (23, "dimensionless", "dimensionless");
insert into tUnit(id, dimension_id, name, abbreviation, lf, cf, description) values (244, 23, "No unit", "date", 1, 0, "No unit");
insert into tUnit(id, dimension_id, name, abbreviation, lf, cf, description) values (245, 23, "No unit", "-", 1, 0, "No unit");
insert into tUnit(id, dimension_id, name, abbreviation, lf, cf, description) values (246, 23, "Percent", "%", 0.01, 0, "Percent");
